{
  "best_epoch": 2,
  "peak_cpu_memory_MB": 597.766144,
  "training_duration": "0:38:37.171872",
  "training_start_epoch": 0,
  "training_epochs": 2,
  "epoch": 2,
  "training_perplexity": 17.78559112548828,
  "training_loss": 2.878395421885763,
  "training_cpu_memory_MB": 597.766144,
  "validation_perplexity": 23.51680564880371,
  "validation_loss": 3.1577192543391694,
  "best_validation_perplexity": 23.51680564880371,
  "best_validation_loss": 3.1577192543391694
}