{
  "best_epoch": 7,
  "peak_cpu_memory_MB": 451.678208,
  "training_duration": "0:39:11.475577",
  "training_start_epoch": 0,
  "training_epochs": 7,
  "epoch": 7,
  "training_perplexity": 15.685175895690918,
  "training_loss": 2.7527136190285177,
  "training_cpu_memory_MB": 451.678208,
  "validation_perplexity": 24.31075668334961,
  "validation_loss": 3.1909170182032436,
  "best_validation_perplexity": 24.31075668334961,
  "best_validation_loss": 3.1909170182032436
}