{
  "best_epoch": 6,
  "peak_cpu_memory_MB": 451.678208,
  "training_duration": "0:34:03.082464",
  "training_start_epoch": 0,
  "training_epochs": 6,
  "epoch": 6,
  "training_perplexity": 16.656105041503906,
  "training_loss": 2.812771724023325,
  "training_cpu_memory_MB": 451.678208,
  "validation_perplexity": 24.685365676879883,
  "validation_loss": 3.2062174084245867,
  "best_validation_perplexity": 24.685365676879883,
  "best_validation_loss": 3.2062174084245867
}