Wall time,Step,Value
1577459398.589638,1,32.499759674072266
1577460156.119804,2,25.256999969482422
1577460923.202673,3,23.51680564880371
1577461680.180769,4,22.587907791137695
1577462478.7046819,5,22.17174530029297
1577463395.0614789,6,21.647415161132812
1577464337.638093,7,21.4560604095459
1577465271.6040618,8,21.312335968017578
