{
  "best_epoch": 15,
  "peak_cpu_memory_MB": 480.190464,
  "training_duration": "2:20:24.401392",
  "training_start_epoch": 0,
  "training_epochs": 15,
  "epoch": 15,
  "training_perplexity": 7.225034713745117,
  "training_loss": 1.9775454723229668,
  "training_cpu_memory_MB": 480.190464,
  "validation_perplexity": 9.134649276733398,
  "validation_loss": 2.212071907450802,
  "best_validation_perplexity": 9.134649276733398,
  "best_validation_loss": 2.212071907450802
}