{
  "best_epoch": 15,
  "peak_cpu_memory_MB": 480.190464,
  "training_duration": "2:30:32.532043",
  "training_start_epoch": 0,
  "training_epochs": 18,
  "epoch": 18,
  "training_perplexity": 6.953181266784668,
  "training_loss": 1.9392006491199005,
  "training_cpu_memory_MB": 480.190464,
  "validation_perplexity": 9.153406143188477,
  "validation_loss": 2.2141248907990767,
  "best_validation_perplexity": 9.134649276733398,
  "best_validation_loss": 2.212071907450802
}