{
  "best_epoch": 7,
  "peak_cpu_memory_MB": 480.190464,
  "training_duration": "0:24:50.286314",
  "training_start_epoch": 0,
  "training_epochs": 7,
  "epoch": 7,
  "training_perplexity": 8.895853042602539,
  "training_loss": 2.1855851055112483,
  "training_cpu_memory_MB": 480.190464,
  "validation_perplexity": 9.485984802246094,
  "validation_loss": 2.2498192817970297,
  "best_validation_perplexity": 9.485984802246094,
  "best_validation_loss": 2.2498192817970297
}