{
  "best_epoch": 2,
  "peak_cpu_memory_MB": 480.190464,
  "training_duration": "0:09:40.028679",
  "training_start_epoch": 0,
  "training_epochs": 2,
  "epoch": 2,
  "training_perplexity": 14.934351921081543,
  "training_loss": 2.703665061549729,
  "training_cpu_memory_MB": 480.190464,
  "validation_perplexity": 12.351387977600098,
  "validation_loss": 2.513768914450468,
  "best_validation_perplexity": 12.351387977600098,
  "best_validation_loss": 2.513768914450468
}