{
  "best_epoch": 12,
  "peak_cpu_memory_MB": 480.190464,
  "training_duration": "2:17:17.015629",
  "training_start_epoch": 0,
  "training_epochs": 14,
  "epoch": 14,
  "training_perplexity": 7.358725070953369,
  "training_loss": 1.99588239686728,
  "training_cpu_memory_MB": 480.190464,
  "validation_perplexity": 9.217491149902344,
  "validation_loss": 2.2211015012272997,
  "best_validation_perplexity": 9.146855354309082,
  "best_validation_loss": 2.2134073340143448
}